{
    "mean": [
        17.989956999079965,
        18.859985740886682,
        -0.8700287384967704,
        16.37832529499752,
        -0.37659944315769633,
        0.10733445886720468,
        18.045974610418735,
        18.914130633431032,
        -0.8681560284388468,
        14.676706688282774,
        -0.5210853735149222,
        -0.30879987320247604,
        0.1262633772784329,
        -1.7016186242909497,
        17.63040347430664,
        17.222169839658495,
        17.132602702412505,
        16.9832737125328,
        16.858814390360354,
        0.46206155498257295,
        0.26355798341946435,
        5.957293607475993,
        0.14932898987970408,
        0.124459322172447,
        -0.031716253195508866,
        -0.03604212258045628,
        0.05414489254435084,
        0.07232792118185892,
        -0.41613433183336984
    ],
    "std": [
        0.8141909718925531,
        0.940304569486631,
        0.790940030166658,
        17.90529308094602,
        9.590579635504728,
        1.6543116552086552,
        0.8689420433597947,
        0.9491950848660801,
        0.8456363600722381,
        21.369408325325086,
        13.543737359667356,
        1.6726355060992246,
        0.40210398747093723,
        20.62064068968699,
        3.9832049098448854,
        3.782999804278571,
        3.336160655990095,
        3.4431526657822915,
        3.264445626788739,
        0.5335215968313206,
        0.3582122956973001,
        9.960572396223535,
        3.1912235820421846,
        3.758888629460444,
        0.08595710357355475,
        0.06146418461344057,
        0.7405811943379735,
        0.7194672604998639,
        0.8481210915500946
    ]
}