{
    "mean": [
        18.00513211988951,
        18.87786317967358,
        -0.8727310576100832,
        16.702028376046275,
        -0.36008156215643994,
        18.056535858751083,
        18.92842714828122,
        -0.8718912961920796,
        14.939909852027915,
        -0.4977536041488365,
        0.12203947073787932,
        -1.7621185370374843,
        -0.03143073030157055,
        -0.03566765069776236,
        0.05056396860764188,
        0.07167393836330624
    ],
    "std": [
        0.8168810720477124,
        0.9471069614578619,
        0.7907384938331116,
        18.222033190727107,
        9.335591555020953,
        0.869414633642734,
        0.9572487725117306,
        0.8472611349464665,
        21.48272979418234,
        13.183646792363861,
        0.3989644774729242,
        20.620538024003068,
        0.08446165318781018,
        0.0613267717598887,
        0.7383172289491786,
        0.7152585638507826
    ]
}