{
    "mean": [
        17.98992207734284,
        18.860341336226327,
        -0.8704192552025592,
        16.367717055548916,
        -0.37602525691204125,
        0.10747128920173732,
        18.04582865916486,
        18.915314596965747,
        -0.8694859432923397,
        14.68860533229905,
        -0.5211692243731254,
        -0.3085202236089249,
        0.12616410979688267,
        -1.6791117476331487,
        17.629977878026033,
        17.22199808689798,
        17.13231862679351,
        16.986610205285363,
        16.85839682582628,
        0.4618077110022569,
        0.2636703054850933,
        5.9580241561974425,
        0.1457084215081486,
        0.1282133794590828,
        -0.03173957258163904,
        -0.03610062637263146,
        0.05497326073942031,
        0.07140028552801063,
        -0.4159915125610757
    ],
    "std": [
        0.8142740728732365,
        0.9404128523832077,
        0.7912793340022989,
        17.893029809979456,
        9.590500867181786,
        1.6546342427076604,
        0.8690933408719168,
        0.9478386776667225,
        0.8466666777481456,
        21.3604357286093,
        13.543734655238291,
        1.6733657571972513,
        0.40248247577798796,
        20.601647018056532,
        3.983035378988298,
        3.7829831291204057,
        3.336100238901091,
        3.4351362132617322,
        3.2646495563155553,
        0.532852692328367,
        0.3574803913523543,
        9.974163284243598,
        3.1808529081132955,
        3.7498488902783884,
        0.08595079256948826,
        0.061529980289583605,
        0.7392104323705648,
        0.7177146296003739,
        0.8476811510006533
    ]
}