{
    "mean": [
        18.153257369995117,
        19.01530647277832,
        -0.8620403409004211,
        12.447632789611816,
        -0.33702945709228516,
        -0.36772391200065613
    ],
    "std": [
        0.794759213924408,
        0.9334514141082764,
        0.7887600064277649,
        14.192643165588379,
        9.313190460205078,
        9.312435150146484
    ]
}