{
    "mean": [
        18.148548126220703,
        19.010799407958984,
        -0.8622421622276306,
        12.28929615020752,
        -0.3394823372364044,
        -0.3704621195793152
    ],
    "std": [
        0.7929485440254211,
        0.931984007358551,
        0.7895108461380005,
        13.858662605285645,
        9.351400375366211,
        9.350631713867188
    ]
}