{
    "mean": [
        17.99022876019762,
        18.860456829188106,
        -0.8702280653589756,
        16.37910679593414,
        -0.3765800753109285,
        0.10767889165288987,
        18.046383687043704,
        18.91451793282463,
        -0.8681342505267309,
        14.683594296690591,
        -0.5210312405818475,
        -0.30832036220775766,
        0.12637822582445513,
        -1.6955125222140799,
        17.633984302346292,
        17.229370223675783,
        17.13635427308446,
        16.983227870460077,
        16.86250312860308,
        0.46181122053327023,
        0.26347640866274363,
        5.957594538158036,
        0.15312640262438362,
        0.12072474185699662,
        -0.03174709264118639,
        -0.036105484200595506,
        0.05406110363652319,
        0.0725265586426232,
        -0.4159992536479378
    ],
    "std": [
        0.8144651587927423,
        0.9396334747546291,
        0.7919626377272998,
        17.90442353718059,
        9.590580366574,
        1.655899335400912,
        0.869426068844498,
        0.9492480314308369,
        0.8462947863206917,
        21.368298935642287,
        13.543738852535025,
        1.6742545708523704,
        0.4022325135582308,
        20.62019925055572,
        3.9753994340887058,
        3.767579859183586,
        3.327503415793725,
        3.442907905408896,
        3.255965647131382,
        0.5328341427549753,
        0.35824796525792146,
        9.97515104735749,
        3.179753368797189,
        3.7515586671102765,
        0.08596271579687867,
        0.06153593389035941,
        0.7400044768278737,
        0.7181971412991465,
        0.8478858392530091
    ]
}