{
    "mean": [
        17.989863570339253,
        18.85927556486702,
        -0.869411989282527,
        16.380552925878977,
        -0.37654186896023517,
        0.10774902432501575,
        18.04608329228424,
        18.91372886220433,
        -0.8676455750464652,
        14.678510418241036,
        -0.5210032099668875,
        -0.30764967718884795,
        0.12640004327173054,
        -1.7020425316518115,
        17.632950438010624,
        17.228783773446033,
        17.131695984708415,
        16.986318959266544,
        16.861872507260355,
        0.4623315028728869,
        0.2636349367588605,
        5.954529798646252,
        0.1453770254418723,
        0.12444645200618729,
        -0.03168444359252511,
        -0.0359875030494981,
        0.05445329733731322,
        0.07215618237182261,
        -0.4153987012849282
    ],
    "std": [
        0.8148290055043891,
        0.9397378402858716,
        0.7919547129641991,
        17.90603058394196,
        9.590581643940117,
        1.6568710300330451,
        0.8696526447987082,
        0.9485341736638699,
        0.846583921727462,
        21.369514286742767,
        13.543740106896557,
        1.6734372041317251,
        0.4025520279252675,
        20.623626619083176,
        3.9751694408703067,
        3.7679142064210582,
        3.336574730203106,
        3.4355703661374166,
        3.256668561119924,
        0.5334506951544874,
        0.3583213875226682,
        9.96932546983569,
        3.1794448180558272,
        3.758886483991755,
        0.08595920948140408,
        0.06150824827642917,
        0.7413708291878554,
        0.7199147212618038,
        0.8439922719465538
    ]
}