{
    "mean": [
        18.005085290920622,
        18.877792958402875,
        -0.8727076660811409,
        16.687037233775474,
        -0.36008444331419537,
        18.05647722182366,
        18.92808372284319,
        -0.8716065091012541,
        14.923664142316355,
        -0.49775945854683606,
        0.12202090011555909,
        -1.763373109519019,
        -0.031461174209302174,
        -0.035712481878229764,
        0.050290764440315744,
        0.0719285719118498
    ],
    "std": [
        0.817276152116347,
        0.9471526678271227,
        0.7911220967760373,
        18.214724873468388,
        9.335591462735419,
        0.8696519831511899,
        0.9572856000088534,
        0.8475583858779715,
        21.48083606135542,
        13.183647060753962,
        0.3988921366494439,
        20.621420973036802,
        0.08447853017551697,
        0.061368048518199804,
        0.7381143368780129,
        0.7152001433962007
    ]
}