{
    "mean": [
        18.14881706237793,
        19.010902404785156,
        -0.8620770573616028,
        12.291204452514648,
        -0.33952605724334717,
        -0.3704642951488495
    ],
    "std": [
        0.7916578650474548,
        0.9318874478340149,
        0.7891036868095398,
        13.859953880310059,
        9.351398468017578,
        9.350630760192871
    ]
}