{
    "mean": [
        18.148296356201172,
        19.01075553894043,
        -0.862450122833252,
        12.288850784301758,
        -0.33945780992507935,
        -0.37044304609298706
    ],
    "std": [
        0.7928067445755005,
        0.9321864247322083,
        0.7897596955299377,
        13.862751007080078,
        9.351401329040527,
        9.350632667541504
    ]
}