{
    "mean": [
        18.006270967668495,
        18.87809328513216,
        -0.8718223162554203,
        16.687574755729553,
        -0.36005520509411826,
        18.0577285477154,
        18.928395169153823,
        -0.8706666291427976,
        14.896950279622628,
        -0.4976968118767176,
        0.12204479807263925,
        -1.790624492835967,
        -0.03138994447505291,
        -0.035645027486010394,
        0.050301884021662434,
        0.07194135028788902
    ],
    "std": [
        0.8159971838809328,
        0.9470374970339613,
        0.7903478187166245,
        18.223728402140154,
        9.335592408357249,
        0.8685123316967405,
        0.9569494775411944,
        0.8464144292536713,
        21.338349747092256,
        13.183648745090341,
        0.3987343748920259,
        20.466892371838448,
        0.08443912270024899,
        0.06130016995141913,
        0.7378561908629871,
        0.7150343529798235
    ]
}