{
    "mean": [
        17.99052550660056,
        18.86169055805799,
        -0.8711650480884855,
        16.358687489357497,
        -0.37670105591387887,
        0.10753423313448827,
        18.046515027123426,
        18.915161467570876,
        -0.8686464461013466,
        14.652850516897171,
        -0.5211654649071051,
        -0.30834174017297256,
        0.12603213593656823,
        -1.7058369859546376,
        17.63380614159674,
        17.22253857572771,
        17.133388486245533,
        16.983836184773345,
        16.86212049940038,
        0.4619438415862548,
        0.2631409348320118,
        5.945729560602823,
        0.14955230147218826,
        0.12171568537296529,
        -0.03177159123823788,
        -0.03607835705261196,
        0.05347090951288556,
        0.07277066284739746,
        -0.4158759730637746
    ],
    "std": [
        0.8136586357422045,
        0.9384404155131264,
        0.7922227295777634,
        17.886338813771548,
        9.590576741633033,
        1.6560906097975512,
        0.8691044894754684,
        0.9482650967058978,
        0.8466558690999496,
        21.311030764936802,
        13.543734946248478,
        1.6744300331897244,
        0.4019981503650884,
        20.610019924509732,
        3.975601629679308,
        3.7830679604419695,
        3.3360262060775088,
        3.4430541566471327,
        3.2562182033886105,
        0.5327875941681015,
        0.35809055933874634,
        9.931664470439278,
        3.191221589201025,
        3.7543003198996456,
        0.08597388413474487,
        0.06154192887855832,
        0.73976560600263,
        0.7185149544096201,
        0.847862002940604
    ]
}