{
    "mean": [
        18.005285818342912,
        18.87725838951178,
        -0.871972569510249,
        16.666936939170988,
        -0.36008401300444814,
        18.056579366049608,
        18.92832529672291,
        -0.8717459388584472,
        14.916672863193378,
        -0.4977729367491604,
        0.12197085322351763,
        -1.7502640908275828,
        -0.031402676261903066,
        -0.03567504762572353,
        0.05106690721112911,
        0.07110238224021634
    ],
    "std": [
        0.8163397100332376,
        0.9462285628821842,
        0.7904577960311358,
        18.211659426075443,
        9.335591393898747,
        0.86849253461634,
        0.9567993597410603,
        0.8473222742711358,
        21.477848159265957,
        13.183646171984579,
        0.39881960676162287,
        20.618143733905907,
        0.08445758778677279,
        0.06131757366751811,
        0.7379782489102107,
        0.7152559045882838
    ]
}