{
    "mean": [
        18.005664788050982,
        18.878263112506282,
        -0.8725983245160707,
        16.699803422112733,
        -0.3600649540188047,
        18.056433077668903,
        18.928792064754763,
        -0.872358994566618,
        14.90632779598851,
        -0.4977815054008516,
        0.12136884608819504,
        -1.793475640289027,
        -0.03142824606437709,
        -0.035686299497939215,
        0.050528952248479746,
        0.07103833009549501
    ],
    "std": [
        0.8163134184469268,
        0.9467747527133146,
        0.7907405302942688,
        18.218950726940694,
        9.335591869347773,
        0.8687430275777078,
        0.9571376711049195,
        0.8479745899393006,
        21.408913010096303,
        13.183646160098633,
        0.39804384228534206,
        20.539292770703472,
        0.08444828967269895,
        0.06135020200819383,
        0.7372691429279767,
        0.7149695650650955
    ]
}