{
    "mean": [
        18.136600494384766,
        18.995637893676758,
        -0.8590174913406372,
        12.213884353637695,
        -0.3533823490142822,
        -0.3843066096305847,
        0.1088872104883194,
        18.586910247802734,
        18.035724639892578,
        17.723594665527344,
        17.581453323364258,
        17.37291717529297,
        0.5508335828781128,
        0.3123790919780731,
        5.991546154022217
    ],
    "std": [
        0.7953785061836243,
        0.928481936454773,
        0.7905108332633972,
        13.939430236816406,
        9.561013221740723,
        9.560245513916016,
        1.6633703708648682,
        1.6511712074279785,
        1.7053412199020386,
        1.7352889776229858,
        1.789311170578003,
        1.807059407234192,
        0.5444065928459167,
        0.3725014925003052,
        10.009749412536621
    ]
}