{
    "mean": [
        18.14898109436035,
        19.011001586914062,
        -0.8620111346244812,
        12.295790672302246,
        -0.3395167291164398,
        -0.37043526768684387
    ],
    "std": [
        0.7926491498947144,
        0.9322662353515625,
        0.7889987230300903,
        13.86368179321289,
        9.351399421691895,
        9.350631713867188
    ]
}