{
    "mean": [
        18.14825439453125,
        19.011247634887695,
        -0.862984836101532,
        12.296269416809082,
        -0.3394969403743744,
        -0.37050333619117737
    ],
    "std": [
        0.7930921316146851,
        0.9323857426643372,
        0.7897043228149414,
        13.86269760131836,
        9.351400375366211,
        9.350628852844238
    ]
}